#mpa_v30_CHOCOPhlAn_201901
#/opt/software/conda_env/bin/metaphlan /qib/platforms/Informatics/GMH/pearl/manual/humann/E002M4/E002M4_humann_temp/tmpmdlpu9qv/tmp1kk2sjir -x mpa_v30_CHOCOPhlAn_201901 --bowtie2db /qib/platforms/Informatics/transfer/outgoing/databases/humann_db/mpa/ --unknown_estimation -o /qib/platforms/Informatics/GMH/pearl/manual/humann/E002M4/E002M4_humann_temp/E002M4_metaphlan_bugs_list.tsv --input_type fastq --bowtie2out /qib/platforms/Informatics/GMH/pearl/manual/humann/E002M4/E002M4_humann_temp/E002M4_metaphlan_bowtie2.txt --nproc 32
#SampleID	Metaphlan_Analysis
#clade_name	NCBI_tax_id	relative_abundance	additional_species
UNKNOWN	-1	52.47163	
k__Bacteria	2	47.528366861930294	
k__Bacteria|p__Bacteroidetes	2|976	18.994345847945606	
k__Bacteria|p__Firmicutes	2|1239	16.990445338639528	
k__Bacteria|p__Actinobacteria	2|201174	11.355325319878428	
k__Bacteria|p__Proteobacteria	2|1224	0.1882503554667335	
k__Bacteria|p__Bacteroidetes|c__Bacteroidia	2|976|200643	18.994345847945606	
k__Bacteria|p__Firmicutes|c__Clostridia	2|1239|186801	16.222458222701025	
k__Bacteria|p__Actinobacteria|c__Actinobacteria	2|201174|1760	5.695937316997626	
k__Bacteria|p__Actinobacteria|c__Coriobacteriia	2|201174|84998	5.659388002880801	
k__Bacteria|p__Firmicutes|c__Firmicutes_unclassified	2|1239|	0.6585958267690819	
k__Bacteria|p__Proteobacteria|c__Gammaproteobacteria	2|1224|1236	0.1028846557460205	
k__Bacteria|p__Firmicutes|c__Negativicutes	2|1239|909932	0.07807960108077909	
k__Bacteria|p__Proteobacteria|c__Betaproteobacteria	2|1224|28216	0.07778492520623512	
k__Bacteria|p__Firmicutes|c__Erysipelotrichia	2|1239|526524	0.02207217357068043	
k__Bacteria|p__Firmicutes|c__Bacilli	2|1239|91061	0.009244267354645442	
k__Bacteria|p__Proteobacteria|c__Deltaproteobacteria	2|1224|28221	0.0075807745144778815	
k__Bacteria|p__Bacteroidetes|c__Bacteroidia|o__Bacteroidales	2|976|200643|171549	18.994345847945606	
k__Bacteria|p__Firmicutes|c__Clostridia|o__Clostridiales	2|1239|186801|186802	16.222458222701025	
k__Bacteria|p__Actinobacteria|c__Actinobacteria|o__Bifidobacteriales	2|201174|1760|85004	5.695290931208303	
k__Bacteria|p__Actinobacteria|c__Coriobacteriia|o__Coriobacteriales	2|201174|84998|84999	4.643112698455577	
k__Bacteria|p__Actinobacteria|c__Coriobacteriia|o__Eggerthellales	2|201174|84998|1643822	1.0162753044252246	
k__Bacteria|p__Firmicutes|c__Firmicutes_unclassified|o__Firmicutes_unclassified	2|1239||	0.6585958267690819	
k__Bacteria|p__Proteobacteria|c__Gammaproteobacteria|o__Enterobacterales	2|1224|1236|91347	0.1028846557460205	
k__Bacteria|p__Firmicutes|c__Negativicutes|o__Acidaminococcales	2|1239|909932|1843488	0.07807960108077909	
k__Bacteria|p__Proteobacteria|c__Betaproteobacteria|o__Burkholderiales	2|1224|28216|80840	0.07778492520623512	
k__Bacteria|p__Firmicutes|c__Erysipelotrichia|o__Erysipelotrichales	2|1239|526524|526525	0.02207217357068043	
k__Bacteria|p__Firmicutes|c__Bacilli|o__Lactobacillales	2|1239|91061|186826	0.009244267354645442	
k__Bacteria|p__Proteobacteria|c__Deltaproteobacteria|o__Desulfovibrionales	2|1224|28221|213115	0.0075807745144778815	
k__Bacteria|p__Actinobacteria|c__Actinobacteria|o__Corynebacteriales	2|201174|1760|85007	0.0006463857893222521	
k__Bacteria|p__Firmicutes|c__Clostridia|o__Clostridiales|f__Ruminococcaceae	2|1239|186801|186802|541000	10.721753178262151	
k__Bacteria|p__Bacteroidetes|c__Bacteroidia|o__Bacteroidales|f__Bacteroidaceae	2|976|200643|171549|815	9.983338212185144	
k__Bacteria|p__Bacteroidetes|c__Bacteroidia|o__Bacteroidales|f__Rikenellaceae	2|976|200643|171549|171550	5.791996899262274	
k__Bacteria|p__Actinobacteria|c__Actinobacteria|o__Bifidobacteriales|f__Bifidobacteriaceae	2|201174|1760|85004|31953	5.695290931208303	
k__Bacteria|p__Actinobacteria|c__Coriobacteriia|o__Coriobacteriales|f__Coriobacteriaceae	2|201174|84998|84999|84107	4.643112698455577	
k__Bacteria|p__Firmicutes|c__Clostridia|o__Clostridiales|f__Lachnospiraceae	2|1239|186801|186802|186803	3.9494076670855875	
k__Bacteria|p__Bacteroidetes|c__Bacteroidia|o__Bacteroidales|f__Tannerellaceae	2|976|200643|171549|2005525	1.7428081787867495	
k__Bacteria|p__Firmicutes|c__Clostridia|o__Clostridiales|f__Eubacteriaceae	2|1239|186801|186802|186806	1.4494298286581124	
k__Bacteria|p__Bacteroidetes|c__Bacteroidia|o__Bacteroidales|f__Barnesiellaceae	2|976|200643|171549|2005519	1.1621636265079194	
k__Bacteria|p__Actinobacteria|c__Coriobacteriia|o__Eggerthellales|f__Eggerthellaceae	2|201174|84998|1643822|1643826	1.0162753044252246	
k__Bacteria|p__Firmicutes|c__Firmicutes_unclassified|o__Firmicutes_unclassified|f__Firmicutes_unclassified	2|1239|||	0.6585958267690819	
k__Bacteria|p__Bacteroidetes|c__Bacteroidia|o__Bacteroidales|f__Odoribacteraceae	2|976|200643|171549|1853231	0.22352590935165817	
k__Bacteria|p__Proteobacteria|c__Gammaproteobacteria|o__Enterobacterales|f__Enterobacteriaceae	2|1224|1236|91347|543	0.1028846557460205	
k__Bacteria|p__Firmicutes|c__Clostridia|o__Clostridiales|f__Oscillospiraceae	2|1239|186801|186802|216572	0.09959569275917492	
k__Bacteria|p__Firmicutes|c__Negativicutes|o__Acidaminococcales|f__Acidaminococcaceae	2|1239|909932|1843488|909930	0.07807960108077909	
k__Bacteria|p__Proteobacteria|c__Betaproteobacteria|o__Burkholderiales|f__Sutterellaceae	2|1224|28216|80840|995019	0.07778492520623512	
k__Bacteria|p__Bacteroidetes|c__Bacteroidia|o__Bacteroidales|f__Porphyromonadaceae	2|976|200643|171549|171551	0.07185813785855241	
k__Bacteria|p__Firmicutes|c__Erysipelotrichia|o__Erysipelotrichales|f__Erysipelotrichaceae	2|1239|526524|526525|128827	0.02207217357068043	
k__Bacteria|p__Bacteroidetes|c__Bacteroidia|o__Bacteroidales|f__Prevotellaceae	2|976|200643|171549|171552	0.014401095159164878	
k__Bacteria|p__Firmicutes|c__Bacilli|o__Lactobacillales|f__Streptococcaceae	2|1239|91061|186826|1300	0.009244267354645442	
k__Bacteria|p__Proteobacteria|c__Deltaproteobacteria|o__Desulfovibrionales|f__Desulfovibrionaceae	2|1224|28221|213115|194924	0.0075807745144778815	
k__Bacteria|p__Bacteroidetes|c__Bacteroidia|o__Bacteroidales|f__Bacteroidales_unclassified	2|976|200643|171549|	0.004258541670828954	
k__Bacteria|p__Firmicutes|c__Clostridia|o__Clostridiales|f__Clostridiales_unclassified	2|1239|186801|186802|	0.0022718559360002683	
k__Bacteria|p__Actinobacteria|c__Actinobacteria|o__Corynebacteriales|f__Corynebacteriales_unclassified	2|201174|1760|85007|	0.0006463857893222521	
k__Bacteria|p__Bacteroidetes|c__Bacteroidia|o__Bacteroidales|f__Bacteroidaceae|g__Bacteroides	2|976|200643|171549|815|816	9.983338212185144	
k__Bacteria|p__Firmicutes|c__Clostridia|o__Clostridiales|f__Ruminococcaceae|g__Faecalibacterium	2|1239|186801|186802|541000|216851	6.001692053857109	
k__Bacteria|p__Bacteroidetes|c__Bacteroidia|o__Bacteroidales|f__Rikenellaceae|g__Alistipes	2|976|200643|171549|171550|239759	5.791996899262274	
k__Bacteria|p__Actinobacteria|c__Actinobacteria|o__Bifidobacteriales|f__Bifidobacteriaceae|g__Bifidobacterium	2|201174|1760|85004|31953|1678	5.695290931208303	
k__Bacteria|p__Actinobacteria|c__Coriobacteriia|o__Coriobacteriales|f__Coriobacteriaceae|g__Collinsella	2|201174|84998|84999|84107|102106	4.6395765879610495	
k__Bacteria|p__Firmicutes|c__Clostridia|o__Clostridiales|f__Ruminococcaceae|g__Ruminococcus	2|1239|186801|186802|541000|1263	3.0722954208320945	
k__Bacteria|p__Bacteroidetes|c__Bacteroidia|o__Bacteroidales|f__Tannerellaceae|g__Parabacteroides	2|976|200643|171549|2005525|375288	1.7428081787867495	
k__Bacteria|p__Firmicutes|c__Clostridia|o__Clostridiales|f__Eubacteriaceae|g__Eubacterium	2|1239|186801|186802|186806|1730	1.4494298286581124	
k__Bacteria|p__Bacteroidetes|c__Bacteroidia|o__Bacteroidales|f__Barnesiellaceae|g__Barnesiella	2|976|200643|171549|2005519|397864	1.1621636265079194	
k__Bacteria|p__Firmicutes|c__Clostridia|o__Clostridiales|f__Ruminococcaceae|g__Ruthenibacterium	2|1239|186801|186802|541000|1905344	1.0136089630442702	
k__Bacteria|p__Firmicutes|c__Clostridia|o__Clostridiales|f__Lachnospiraceae|g__Roseburia	2|1239|186801|186802|186803|841	0.8539421674083015	
k__Bacteria|p__Firmicutes|c__Clostridia|o__Clostridiales|f__Lachnospiraceae|g__Fusicatenibacter	2|1239|186801|186802|186803|1407607	0.7016993026761664	
k__Bacteria|p__Firmicutes|c__Clostridia|o__Clostridiales|f__Lachnospiraceae|g__Coprococcus	2|1239|186801|186802|186803|33042	0.6673553047817357	
k__Bacteria|p__Firmicutes|c__Firmicutes_unclassified|o__Firmicutes_unclassified|f__Firmicutes_unclassified|g__Firmicutes_unclassified	2|1239||||	0.6585958267690819	
k__Bacteria|p__Firmicutes|c__Clostridia|o__Clostridiales|f__Lachnospiraceae|g__Anaerostipes	2|1239|186801|186802|186803|207244	0.5775979839629803	
k__Bacteria|p__Actinobacteria|c__Coriobacteriia|o__Eggerthellales|f__Eggerthellaceae|g__Gordonibacter	2|201174|84998|1643822|1643826|644652	0.4829832640509356	
k__Bacteria|p__Firmicutes|c__Clostridia|o__Clostridiales|f__Lachnospiraceae|g__Lachnospiraceae_unclassified	2|1239|186801|186802|186803|	0.3981403763657039	
k__Bacteria|p__Firmicutes|c__Clostridia|o__Clostridiales|f__Lachnospiraceae|g__Blautia	2|1239|186801|186802|186803|572511	0.3715720192898848	
k__Bacteria|p__Actinobacteria|c__Coriobacteriia|o__Eggerthellales|f__Eggerthellaceae|g__Adlercreutzia	2|201174|84998|1643822|1643826|447020	0.34549320439274367	
k__Bacteria|p__Firmicutes|c__Clostridia|o__Clostridiales|f__Ruminococcaceae|g__Gemmiger	2|1239|186801|186802|541000|204475	0.3122803816296268	
k__Bacteria|p__Firmicutes|c__Clostridia|o__Clostridiales|f__Lachnospiraceae|g__Dorea	2|1239|186801|186802|186803|189330	0.27358753816732934	
k__Bacteria|p__Bacteroidetes|c__Bacteroidia|o__Bacteroidales|f__Odoribacteraceae|g__Odoribacter	2|976|200643|171549|1853231|283168	0.22352590935165817	
k__Bacteria|p__Firmicutes|c__Clostridia|o__Clostridiales|f__Ruminococcaceae|g__Agathobaculum	2|1239|186801|186802|541000|2048137	0.21331681614971554	
k__Bacteria|p__Actinobacteria|c__Coriobacteriia|o__Eggerthellales|f__Eggerthellaceae|g__Asaccharobacter	2|201174|84998|1643822|1643826|553372	0.11630666654782963	
k__Bacteria|p__Proteobacteria|c__Gammaproteobacteria|o__Enterobacterales|f__Enterobacteriaceae|g__Escherichia	2|1224|1236|91347|543|561	0.1028846557460205	
k__Bacteria|p__Firmicutes|c__Clostridia|o__Clostridiales|f__Ruminococcaceae|g__Flavonifractor	2|1239|186801|186802|541000|946234	0.10202439230581957	
k__Bacteria|p__Firmicutes|c__Clostridia|o__Clostridiales|f__Oscillospiraceae|g__Oscillibacter	2|1239|186801|186802|216572|459786	0.09959569275917492	
k__Bacteria|p__Firmicutes|c__Clostridia|o__Clostridiales|f__Lachnospiraceae|g__Lachnospira	2|1239|186801|186802|186803|28050	0.09166320832991877	
k__Bacteria|p__Firmicutes|c__Negativicutes|o__Acidaminococcales|f__Acidaminococcaceae|g__Phascolarctobacterium	2|1239|909932|1843488|909930|33024	0.07807960108077909	
k__Bacteria|p__Proteobacteria|c__Betaproteobacteria|o__Burkholderiales|f__Sutterellaceae|g__Parasutterella	2|1224|28216|80840|995019|577310	0.07778492520623512	
k__Bacteria|p__Bacteroidetes|c__Bacteroidia|o__Bacteroidales|f__Porphyromonadaceae|g__Porphyromonas	2|976|200643|171549|171551|836	0.07185813785855241	
k__Bacteria|p__Actinobacteria|c__Coriobacteriia|o__Eggerthellales|f__Eggerthellaceae|g__Eggerthella	2|201174|84998|1643822|1643826|84111	0.06639712850611662	
k__Bacteria|p__Firmicutes|c__Erysipelotrichia|o__Erysipelotrichales|f__Erysipelotrichaceae|g__Erysipelatoclostridium	2|1239|526524|526525|128827|1505663	0.02207217357068043	
k__Bacteria|p__Bacteroidetes|c__Bacteroidia|o__Bacteroidales|f__Prevotellaceae|g__Prevotella	2|976|200643|171549|171552|838	0.014401095159164878	
k__Bacteria|p__Firmicutes|c__Bacilli|o__Lactobacillales|f__Streptococcaceae|g__Streptococcus	2|1239|91061|186826|1300|1301	0.009244267354645442	
k__Bacteria|p__Firmicutes|c__Clostridia|o__Clostridiales|f__Lachnospiraceae|g__Eisenbergiella	2|1239|186801|186802|186803|1432051	0.007595033024536462	
k__Bacteria|p__Proteobacteria|c__Deltaproteobacteria|o__Desulfovibrionales|f__Desulfovibrionaceae|g__Bilophila	2|1224|28221|213115|194924|35832	0.0075807745144778815	
k__Bacteria|p__Firmicutes|c__Clostridia|o__Clostridiales|f__Ruminococcaceae|g__Anaeromassilibacillus	2|1239|186801|186802|541000|1924093	0.006535150443515415	
k__Bacteria|p__Firmicutes|c__Clostridia|o__Clostridiales|f__Lachnospiraceae|g__Tyzzerella	2|1239|186801|186802|186803|1506577	0.006240474568971447	
k__Bacteria|p__Actinobacteria|c__Coriobacteriia|o__Eggerthellales|f__Eggerthellaceae|g__Enterorhabdus	2|201174|84998|1643822|1643826|580024	0.005090288090912735	
k__Bacteria|p__Bacteroidetes|c__Bacteroidia|o__Bacteroidales|f__Bacteroidales_unclassified|g__Bacteroidales_unclassified	2|976|200643|171549||	0.004258541670828954	
k__Bacteria|p__Actinobacteria|c__Coriobacteriia|o__Coriobacteriales|f__Coriobacteriaceae|g__Enorma	2|201174|84998|84999|84107|1472762	0.003536110494527614	
k__Bacteria|p__Firmicutes|c__Clostridia|o__Clostridiales|f__Clostridiales_unclassified|g__Monoglobus	2|1239|186801|186802||2039302	0.0022718559360002683	
k__Bacteria|p__Actinobacteria|c__Actinobacteria|o__Corynebacteriales|f__Corynebacteriales_unclassified|g__Lawsonella	2|201174|1760|85007||1847725	0.0006463857893222521	
k__Bacteria|p__Firmicutes|c__Clostridia|o__Clostridiales|f__Ruminococcaceae|g__Faecalibacterium|s__Faecalibacterium_prausnitzii	2|1239|186801|186802|541000|216851|853	6.001692053857109	k__Bacteria|p__Bacteroidetes|c__Bacteroidia|o__Bacteroidales|f__Rikenellaceae|g__Alistipes|s__Alistipes_sp
k__Bacteria|p__Bacteroidetes|c__Bacteroidia|o__Bacteroidales|f__Bacteroidaceae|g__Bacteroides|s__Bacteroides_uniformis	2|976|200643|171549|815|816|820	5.388737717785539	k__Bacteria|p__Bacteroidetes|c__Bacteroidia|o__Bacteroidales|f__Bacteroidaceae|g__Bacteroides|s__Bacteroides_sp_D20,k__Bacteria|p__Bacteroidetes|c__Bacteroidia|o__Bacteroidales|f__Bacteroidaceae|g__Bacteroides|s__Bacteroides_sp_AR29,k__Bacteria|p__Bacteroidetes|c__Bacteroidia|o__Bacteroidales|f__Bacteroidaceae|g__Bacteroides|s__Bacteroides_uniformis_CAG_3,k__Bacteria|p__Bacteroidetes|c__Bacteroidia|o__Bacteroidales|f__Bacteroidaceae|g__Bacteroides|s__Bacteroides_sp_4_1_36
k__Bacteria|p__Bacteroidetes|c__Bacteroidia|o__Bacteroidales|f__Rikenellaceae|g__Alistipes|s__Alistipes_putredinis	2|976|200643|171549|171550|239759|28117	4.838620635542128	k__Bacteria|p__Bacteroidetes|c__Bacteroidia|o__Bacteroidales|f__Rikenellaceae|g__Alistipes|s__Alistipes_sp,k__Bacteria|p__Bacteroidetes|c__Bacteroidia|o__Bacteroidales|f__Rikenellaceae|g__Alistipes|s__Alistipes_putredinis_CAG_67
k__Bacteria|p__Actinobacteria|c__Coriobacteriia|o__Coriobacteriales|f__Coriobacteriaceae|g__Collinsella|s__Collinsella_aerofaciens	2|201174|84998|84999|84107|102106|74426	4.604752553561314	
k__Bacteria|p__Actinobacteria|c__Actinobacteria|o__Bifidobacteriales|f__Bifidobacteriaceae|g__Bifidobacterium|s__Bifidobacterium_pseudocatenulatum	2|201174|1760|85004|31953|1678|28026	2.3878774323469263	
k__Bacteria|p__Actinobacteria|c__Actinobacteria|o__Bifidobacteriales|f__Bifidobacteriaceae|g__Bifidobacterium|s__Bifidobacterium_ruminantium	2|201174|1760|85004|31953|1678|78346	1.9132116324968282	
k__Bacteria|p__Bacteroidetes|c__Bacteroidia|o__Bacteroidales|f__Bacteroidaceae|g__Bacteroides|s__Bacteroides_vulgatus	2|976|200643|171549|815|816|821	1.762717811665212	k__Bacteria|p__Bacteroidetes|c__Bacteroidia|o__Bacteroidales|f__Bacteroidaceae|g__Bacteroides|s__Bacteroides_sp_AF39_10AT,k__Bacteria|p__Bacteroidetes|c__Bacteroidia|o__Bacteroidales|f__Bacteroidaceae|g__Bacteroides|s__Bacteroides_sp_3_1_33FAA,k__Bacteria|p__Bacteroidetes|c__Bacteroidia|o__Bacteroidales|f__Bacteroidaceae|g__Bacteroides|s__Bacteroides_sp_AM18_9,k__Bacteria|p__Bacteroidetes|c__Bacteroidia|o__Bacteroidales|f__Bacteroidaceae|g__Bacteroides|s__Bacteroides_vulgatus_CAG_6,k__Bacteria|p__Bacteroidetes|c__Bacteroidia|o__Bacteroidales|f__Bacteroidaceae|g__Bacteroides|s__Bacteroides_sp_AM23_18,k__Bacteria|p__Bacteroidetes|c__Bacteroidia|o__Bacteroidales|f__Bacteroidaceae|g__Bacteroides|s__Bacteroides_sp_4_3_47FAA,k__Bacteria|p__Bacteroidetes|c__Bacteroidia|o__Bacteroidales|f__Bacteroidaceae|g__Bacteroides|s__Bacteroides_sp_3_1_40A
k__Bacteria|p__Bacteroidetes|c__Bacteroidia|o__Bacteroidales|f__Tannerellaceae|g__Parabacteroides|s__Parabacteroides_johnsonii	2|976|200643|171549|2005525|375288|387661	1.3829471490916443	
k__Bacteria|p__Firmicutes|c__Clostridia|o__Clostridiales|f__Ruminococcaceae|g__Ruminococcus|s__Ruminococcus_bromii	2|1239|186801|186802|541000|1263|40518	1.3804946853615687	k__Bacteria|p__Firmicutes|c__Clostridia|o__Clostridiales|f__Ruminococcaceae|g__Ruminococcus|s__Ruminococcus_sp,k__Bacteria|p__Firmicutes|c__Clostridia|o__Clostridiales|f__Ruminococcaceae|g__Ruminococcus|s__Ruminococcus_sp_AM28_29LB,k__Bacteria|p__Firmicutes|c__Clostridia|o__Clostridiales|f__Ruminococcaceae|g__Ruminococcus|s__Ruminococcus_sp_AF43_11,k__Bacteria|p__Firmicutes|c__Clostridia|o__Clostridiales|f__Ruminococcaceae|g__Ruminococcus|s__Ruminococcus_sp_AM31_32,k__Bacteria|p__Firmicutes|c__Clostridia|o__Clostridiales|f__Ruminococcaceae|g__Ruminococcus|s__Ruminococcus_sp_AF37_3AC,k__Bacteria|p__Firmicutes|c__Clostridia|o__Clostridiales|f__Ruminococcaceae|g__Ruminococcus|s__Ruminococcus_sp_AM36_18,k__Bacteria|p__Firmicutes|c__Clostridia|o__Clostridiales|f__Ruminococcaceae|g__Ruminococcus|s__Ruminococcus_sp_AF42_10,k__Bacteria|p__Firmicutes|c__Clostridia|o__Clostridiales|f__Ruminococcaceae|g__Ruminococcus|s__Ruminococcus_sp_AF17_11,k__Bacteria|p__Firmicutes|c__Clostridia|o__Clostridiales|f__Ruminococcaceae|g__Ruminococcus|s__Ruminococcus_sp_CAG_108,k__Bacteria|p__Firmicutes|c__Clostridia|o__Clostridiales|f__Ruminococcaceae|g__Ruminococcus|s__Ruminococcus_sp_AM34_10LB,k__Bacteria|p__Firmicutes|c__Clostridia|o__Clostridiales|f__Ruminococcaceae|g__Ruminococcus|s__Ruminococcus_sp_TF12_19AC,k__Bacteria|p__Firmicutes|c__Clostridia|o__Clostridiales|f__Ruminococcaceae|g__Ruminococcus|s__Ruminococcus_sp_AF16_40
k__Bacteria|p__Bacteroidetes|c__Bacteroidia|o__Bacteroidales|f__Bacteroidaceae|g__Bacteroides|s__Bacteroides_dorei	2|976|200643|171549|815|816|357276	1.1642833916699618	k__Bacteria|p__Bacteroidetes|c__Bacteroidia|o__Bacteroidales|f__Bacteroidaceae|g__Bacteroides|s__Bacteroides_sp_3_1_33FAA,k__Bacteria|p__Bacteroidetes|c__Bacteroidia|o__Bacteroidales|f__Bacteroidaceae|g__Bacteroides|s__Bacteroides_sp_9_1_42FAA
k__Bacteria|p__Bacteroidetes|c__Bacteroidia|o__Bacteroidales|f__Barnesiellaceae|g__Barnesiella|s__Barnesiella_intestinihominis	2|976|200643|171549|2005519|397864|487174	1.1621636265079194	k__Bacteria|p__Bacteroidetes|c__Bacteroidia|o__Bacteroidales|f__Barnesiellaceae|g__Barnesiella|s__Barnesiella_sp,k__Bacteria|p__Bacteroidetes|c__Bacteroidia|o__Bacteroidales|f__Bacteroidaceae|g__Bacteroides|s__Bacteroides_sp_CAG_20
k__Bacteria|p__Firmicutes|c__Clostridia|o__Clostridiales|f__Ruminococcaceae|g__Ruminococcus|s__Ruminococcus_lactaris	2|1239|186801|186802|541000|1263|46228	1.1600676255293083	
k__Bacteria|p__Bacteroidetes|c__Bacteroidia|o__Bacteroidales|f__Bacteroidaceae|g__Bacteroides|s__Bacteroides_caccae	2|976|200643|171549|815|816|47678	1.0461754000180647	k__Bacteria|p__Bacteroidetes|c__Bacteroidia|o__Bacteroidales|f__Bacteroidaceae|g__Bacteroides|s__Bacteroides_sp_43_46
k__Bacteria|p__Firmicutes|c__Clostridia|o__Clostridiales|f__Ruminococcaceae|g__Ruthenibacterium|s__Ruthenibacterium_lactatiformans	2|1239|186801|186802|541000|1905344|1550024	1.0136089630442702	k__Bacteria|p__Firmicutes|c__Clostridia|o__Clostridiales|f__Ruminococcaceae|g__Subdoligranulum|s__Subdoligranulum_sp_AM16_9,k__Bacteria|p__Firmicutes|c__Clostridia|o__Clostridiales|f__Ruminococcaceae|g__Subdoligranulum|s__Subdoligranulum_sp_4_3_54A2FAA,k__Bacteria|p__Firmicutes|c__Clostridia|o__Clostridiales|f__Ruminococcaceae|g__Subdoligranulum|s__Subdoligranulum_sp_AM23_21AC
k__Bacteria|p__Actinobacteria|c__Actinobacteria|o__Bifidobacteriales|f__Bifidobacteriaceae|g__Bifidobacterium|s__Bifidobacterium_longum	2|201174|1760|85004|31953|1678|216816	0.8473975112914137	k__Bacteria|p__Actinobacteria|c__Actinobacteria|o__Bifidobacteriales|f__Bifidobacteriaceae|g__Bifidobacterium|s__Bifidobacterium_longum_CAG_69
k__Bacteria|p__Bacteroidetes|c__Bacteroidia|o__Bacteroidales|f__Rikenellaceae|g__Alistipes|s__Alistipes_finegoldii	2|976|200643|171549|171550|239759|214856	0.7107059281965022	k__Bacteria|p__Bacteroidetes|c__Bacteroidia|o__Bacteroidales|f__Rikenellaceae|g__Alistipes|s__Alistipes_sp_CAG_29,k__Bacteria|p__Bacteroidetes|c__Bacteroidia|o__Bacteroidales|f__Rikenellaceae|g__Alistipes|s__Alistipes_sp,k__Bacteria|p__Bacteroidetes|c__Bacteroidia|o__Bacteroidales|f__Rikenellaceae|g__Alistipes|s__Alistipes_sp_AM16_43,k__Bacteria|p__Bacteroidetes|c__Bacteroidia|o__Bacteroidales|f__Rikenellaceae|g__Alistipes|s__Alistipes_sp_HGB5
k__Bacteria|p__Firmicutes|c__Clostridia|o__Clostridiales|f__Lachnospiraceae|g__Fusicatenibacter|s__Fusicatenibacter_saccharivorans	2|1239|186801|186802|186803|1407607|1150298	0.7016993026761664	
k__Bacteria|p__Firmicutes|c__Clostridia|o__Clostridiales|f__Eubacteriaceae|g__Eubacterium|s__Eubacterium_hallii	2|1239|186801|186802|186806|1730|39488	0.6326738554825851	k__Bacteria|p__Firmicutes|c__Clostridia|o__Clostridiales|f__Eubacteriaceae|g__Eubacterium|s__Eubacterium_hallii_CAG_12
k__Bacteria|p__Firmicutes|c__Clostridia|o__Clostridiales|f__Lachnospiraceae|g__Anaerostipes|s__Anaerostipes_hadrus	2|1239|186801|186802|186803|207244|649756	0.5775979839629803	
k__Bacteria|p__Firmicutes|c__Clostridia|o__Clostridiales|f__Ruminococcaceae|g__Ruminococcus|s__Ruminococcus_bicirculans	2|1239|186801|186802|541000|1263|1160721	0.5317378627779038	
k__Bacteria|p__Firmicutes|c__Firmicutes_unclassified|o__Firmicutes_unclassified|f__Firmicutes_unclassified|g__Firmicutes_unclassified|s__Firmicutes_bacterium_CAG_83	2|1239|||||1262992	0.5131019901313408	
k__Bacteria|p__Actinobacteria|c__Coriobacteriia|o__Eggerthellales|f__Eggerthellaceae|g__Gordonibacter|s__Gordonibacter_pamelaeae	2|201174|84998|1643822|1643826|644652|471189	0.4829832640509356	
k__Bacteria|p__Actinobacteria|c__Actinobacteria|o__Bifidobacteriales|f__Bifidobacteriaceae|g__Bifidobacterium|s__Bifidobacterium_bifidum	2|201174|1760|85004|31953|1678|1681	0.47166675990111	k__Bacteria|p__Actinobacteria|c__Actinobacteria|o__Bifidobacteriales|f__Bifidobacteriaceae|g__Bifidobacterium|s__Bifidobacterium_bifidum_CAG_234
k__Bacteria|p__Firmicutes|c__Clostridia|o__Clostridiales|f__Lachnospiraceae|g__Roseburia|s__Roseburia_faecis	2|1239|186801|186802|186803|841|301302	0.421239162660602	
k__Bacteria|p__Firmicutes|c__Clostridia|o__Clostridiales|f__Lachnospiraceae|g__Lachnospiraceae_unclassified|s__Eubacterium_rectale	2|1239|186801|186802|186803||39491	0.3981403763657039	
k__Bacteria|p__Firmicutes|c__Clostridia|o__Clostridiales|f__Eubacteriaceae|g__Eubacterium|s__Eubacterium_eligens	2|1239|186801|186802|186806|1730|39485	0.39372974392091675	k__Bacteria|p__Firmicutes|c__Clostridia|o__Clostridiales|f__Eubacteriaceae|g__Eubacterium|s__Eubacterium_sp,k__Bacteria|p__Firmicutes|c__Clostridia|o__Clostridiales|f__Eubacteriaceae|g__Eubacterium|s__Eubacterium_eligens_CAG_72
k__Bacteria|p__Firmicutes|c__Clostridia|o__Clostridiales|f__Lachnospiraceae|g__Coprococcus|s__Coprococcus_comes	2|1239|186801|186802|186803|33042|410072	0.37676211695120765	
k__Bacteria|p__Bacteroidetes|c__Bacteroidia|o__Bacteroidales|f__Tannerellaceae|g__Parabacteroides|s__Parabacteroides_distasonis	2|976|200643|171549|2005525|375288|823	0.3598610296951052	k__Bacteria|p__Bacteroidetes|c__Bacteroidia|o__Bacteroidales|f__Tannerellaceae|g__Parabacteroides|s__Parabacteroides_sp_20_3,k__Bacteria|p__Bacteroidetes|c__Bacteroidia|o__Bacteroidales|f__Tannerellaceae|g__Parabacteroides|s__Parabacteroides_sp_2_1_7,k__Bacteria|p__Bacteroidetes|c__Bacteroidia|o__Bacteroidales|f__Porphyromonadaceae|g__Porphyromonas|s__Porphyromonas_sp_31_2,k__Bacteria|p__Bacteroidetes|c__Bacteroidia|o__Bacteroidales|f__Tannerellaceae|g__Parabacteroides|s__Parabacteroides_sp_AT13,k__Bacteria|p__Bacteroidetes|c__Bacteroidia|o__Bacteroidales|f__Bacteroidaceae|g__Bacteroides|s__Bacteroides_sp_2_1_33B,k__Bacteria|p__Bacteroidetes|c__Bacteroidia|o__Bacteroidales|f__Tannerellaceae|g__Parabacteroides|s__Parabacteroides_sp_D25,k__Bacteria|p__Bacteroidetes|c__Bacteroidia|o__Bacteroidales|f__Tannerellaceae|g__Parabacteroides|s__Parabacteroides_sp_AM17_47,k__Bacteria|p__Bacteroidetes|c__Bacteroidia|o__Bacteroidales|f__Tannerellaceae|g__Parabacteroides|s__Parabacteroides_sp_D13,k__Bacteria|p__Bacteroidetes|c__Bacteroidia|o__Bacteroidales|f__Tannerellaceae|g__Parabacteroides|s__Parabacteroides_sp_CT06,k__Bacteria|p__Bacteroidetes|c__Bacteroidia|o__Bacteroidales|f__Tannerellaceae|g__Parabacteroides|s__Parabacteroides_sp_D26,k__Bacteria|p__Bacteroidetes|c__Bacteroidia|o__Bacteroidales|f__Tannerellaceae|g__Parabacteroides|s__Parabacteroides_sp_AM25_14,k__Bacteria|p__Bacteroidetes|c__Bacteroidia|o__Bacteroidales|f__Bacteroidaceae|g__Bacteroides|s__Bacteroides_sp_3_1_19,k__Bacteria|p__Bacteroidetes|c__Bacteroidia|o__Bacteroidales|f__Tannerellaceae|g__Parabacteroides|s__Parabacteroides_sp_CAG_2
k__Bacteria|p__Firmicutes|c__Clostridia|o__Clostridiales|f__Lachnospiraceae|g__Roseburia|s__Roseburia_hominis	2|1239|186801|186802|186803|841|301301	0.3503838733428363	
k__Bacteria|p__Actinobacteria|c__Coriobacteriia|o__Eggerthellales|f__Eggerthellaceae|g__Adlercreutzia|s__Adlercreutzia_equolifaciens	2|201174|84998|1643822|1643826|447020|446660	0.34549320439274367	
k__Bacteria|p__Firmicutes|c__Clostridia|o__Clostridiales|f__Ruminococcaceae|g__Gemmiger|s__Gemmiger_formicilis	2|1239|186801|186802|541000|204475|745368	0.3122803816296268	
k__Bacteria|p__Firmicutes|c__Clostridia|o__Clostridiales|f__Lachnospiraceae|g__Coprococcus|s__Coprococcus_catus	2|1239|186801|186802|186803|33042|116085	0.28722342662001715	
k__Bacteria|p__Bacteroidetes|c__Bacteroidia|o__Bacteroidales|f__Odoribacteraceae|g__Odoribacter|s__Odoribacter_splanchnicus	2|976|200643|171549|1853231|283168|28118	0.22352590935165817	k__Bacteria|p__Bacteroidetes|c__Bacteroidia|o__Bacteroidales|f__Odoribacteraceae|g__Odoribacter|s__Odoribacter_splanchnicus_CAG_14
k__Bacteria|p__Bacteroidetes|c__Bacteroidia|o__Bacteroidales|f__Rikenellaceae|g__Alistipes|s__Alistipes_shahii	2|976|200643|171549|171550|239759|328814	0.21622079936497948	k__Bacteria|p__Bacteroidetes|c__Bacteroidia|o__Bacteroidales|f__Rikenellaceae|g__Alistipes|s__Alistipes_sp_AF14_19,k__Bacteria|p__Bacteroidetes|c__Bacteroidia|o__Bacteroidales|f__Rikenellaceae|g__Alistipes|s__Alistipes_sp_56_sp_Nov_56_25
k__Bacteria|p__Firmicutes|c__Clostridia|o__Clostridiales|f__Eubacteriaceae|g__Eubacterium|s__Eubacterium_sp_CAG_251	2|1239|186801|186802|186806|1730|1262886	0.21522745649756514	
k__Bacteria|p__Firmicutes|c__Clostridia|o__Clostridiales|f__Ruminococcaceae|g__Agathobaculum|s__Agathobaculum_butyriciproducens	2|1239|186801|186802|541000|2048137|1628085	0.21331681614971554	
k__Bacteria|p__Firmicutes|c__Clostridia|o__Clostridiales|f__Lachnospiraceae|g__Blautia|s__Ruminococcus_torques	2|1239|186801|186802|186803|572511|33039	0.20745181567895332	
k__Bacteria|p__Bacteroidetes|c__Bacteroidia|o__Bacteroidales|f__Bacteroidaceae|g__Bacteroides|s__Bacteroides_fragilis	2|976|200643|171549|815|816|817	0.18799370228567908	k__Bacteria|p__Bacteroidetes|c__Bacteroidia|o__Bacteroidales|f__Bacteroidaceae|g__Bacteroides|s__Bacteroides_sp_3_2_5,k__Bacteria|p__Bacteroidetes|c__Bacteroidia|o__Bacteroidales|f__Bacteroidaceae|g__Bacteroides|s__Bacteroides_fragilis_CAG_47
k__Bacteria|p__Firmicutes|c__Clostridia|o__Clostridiales|f__Lachnospiraceae|g__Dorea|s__Dorea_longicatena	2|1239|186801|186802|186803|189330|88431	0.1869623367247752	
k__Bacteria|p__Bacteroidetes|c__Bacteroidia|o__Bacteroidales|f__Bacteroidaceae|g__Bacteroides|s__Bacteroides_coprocola	2|976|200643|171549|815|816|310298	0.18608781477451566	k__Bacteria|p__Bacteroidetes|c__Bacteroidia|o__Bacteroidales|f__Bacteroidaceae|g__Bacteroides|s__Bacteroides_coprocola_CAG_162
k__Bacteria|p__Firmicutes|c__Clostridia|o__Clostridiales|f__Eubacteriaceae|g__Eubacterium|s__Eubacterium_ramulus	2|1239|186801|186802|186806|1730|39490	0.1521050324682355	k__Bacteria|p__Firmicutes|c__Clostridia|o__Clostridiales|f__Lachnospiraceae|g__Roseburia|s__Roseburia_sp_CAG_50
k__Bacteria|p__Bacteroidetes|c__Bacteroidia|o__Bacteroidales|f__Bacteroidaceae|g__Bacteroides|s__Bacteroides_cellulosilyticus	2|976|200643|171549|815|816|246787	0.1321431183862248	
k__Bacteria|p__Firmicutes|c__Firmicutes_unclassified|o__Firmicutes_unclassified|f__Firmicutes_unclassified|g__Firmicutes_unclassified|s__Firmicutes_bacterium_CAG_110	2|1239|||||1263000	0.11677244454307653	
k__Bacteria|p__Actinobacteria|c__Coriobacteriia|o__Eggerthellales|f__Eggerthellaceae|g__Asaccharobacter|s__Asaccharobacter_celatus	2|201174|84998|1643822|1643826|553372|394340	0.11630666654782963	
k__Bacteria|p__Proteobacteria|c__Gammaproteobacteria|o__Enterobacterales|f__Enterobacteriaceae|g__Escherichia|s__Escherichia_coli	2|1224|1236|91347|543|561|562	0.1028846557460205	k__Bacteria|p__Proteobacteria|c__Gammaproteobacteria|o__Enterobacterales|f__Enterobacteriaceae|g__Enterobacter|s__Enterobacter_sp_EC_NT1,k__Bacteria|p__Proteobacteria|c__Gammaproteobacteria|o__Enterobacterales|f__Enterobacteriaceae|g__Shigella|s__Shigella_sp_FC1139,k__Bacteria|p__Proteobacteria|c__Gammaproteobacteria|o__Enterobacterales|f__Enterobacteriaceae|g__Shigella|s__Shigella_sp_FC2175,k__Bacteria|p__Proteobacteria|c__Gammaproteobacteria|o__Enterobacterales|f__Enterobacteriaceae|g__Shigella|s__Shigella_sp_FC2531,k__Bacteria|p__Proteobacteria|c__Gammaproteobacteria|o__Enterobacterales|f__Enterobacteriaceae|g__Shigella|s__Shigella_sp_FC1567,k__Bacteria|p__Proteobacteria|c__Gammaproteobacteria|o__Enterobacterales|f__Enterobacteriaceae|g__Shigella|s__Shigella_sp_FC1708,k__Bacteria|p__Proteobacteria|c__Gammaproteobacteria|o__Enterobacterales|f__Enterobacteriaceae|g__Shigella|s__Shigella_sp_FC2710,k__Bacteria|p__Proteobacteria|c__Gammaproteobacteria|o__Enterobacterales|f__Enterobacteriaceae|g__Shigella|s__Shigella_flexneri,k__Bacteria|p__Proteobacteria|c__Gammaproteobacteria|o__Enterobacterales|f__Enterobacteriaceae|g__Shigella|s__Shigella_sp_FC1882,k__Bacteria|p__Proteobacteria|c__Gammaproteobacteria|o__Enterobacterales|f__Enterobacteriaceae|g__Shigella|s__Shigella_dysenteriae,k__Bacteria|p__Proteobacteria|c__Gammaproteobacteria|o__Enterobacterales|f__Enterobacteriaceae|g__Escherichia|s__Escherichia_sp_4726_5,k__Bacteria|p__Proteobacteria|c__Gammaproteobacteria|o__Enterobacterales|f__Enterobacteriaceae|g__Shigella|s__Shigella_sonnei,k__Bacteria|p__Proteobacteria|c__Gammaproteobacteria|o__Enterobacterales|f__Enterobacteriaceae|g__Shigella|s__Shigella_sp_FC1544,k__Bacteria|p__Proteobacteria|c__Gammaproteobacteria|o__Enterobacterales|f__Enterobacteriaceae|g__Shigella|s__Shigella_sp_PAMC_28760,k__Bacteria|p__Proteobacteria|c__Gammaproteobacteria|o__Enterobacterales|f__Enterobacteriaceae|g__Shigella|s__Shigella_sp_FC3196,k__Bacteria|p__Proteobacteria|c__Gammaproteobacteria|o__Enterobacterales|f__Enterobacteriaceae|g__Escherichia|s__Escherichia_sp_MOD1_EC6475,k__Bacteria|p__Proteobacteria|c__Gammaproteobacteria|o__Enterobacterales|f__Enterobacteriaceae|g__Shigella|s__Shigella_sp_FC2541,k__Bacteria|p__Proteobacteria|c__Gammaproteobacteria|o__Enterobacterales|f__Enterobacteriaceae|g__Shigella|s__Shigella_sp_FC2125,k__Bacteria|p__Proteobacteria|c__Gammaproteobacteria|o__Enterobacterales|f__Enterobacteriaceae|g__Shigella|s__Shigella_sp_FC1764,k__Bacteria|p__Proteobacteria|c__Gammaproteobacteria|o__Enterobacterales|f__Enterobacteriaceae|g__Shigella|s__Shigella_sp_SF_2015,k__Bacteria|p__Proteobacteria|c__Gammaproteobacteria|o__Enterobacterales|f__Enterobacteriaceae|g__Escherichia|s__Escherichia_sp_4_1_40B,k__Bacteria|p__Proteobacteria|c__Gammaproteobacteria|o__Enterobacterales|f__Enterobacteriaceae|g__Shigella|s__Shigella_sp_FC2833,k__Bacteria|p__Proteobacteria|c__Gammaproteobacteria|o__Enterobacterales|f__Enterobacteriaceae|g__Shigella|s__Shigella_sp_FC1661,k__Bacteria|p__Proteobacteria|c__Gammaproteobacteria|o__Enterobacterales|f__Enterobacteriaceae|g__Escherichia|s__Escherichia_sp_KTE172,k__Bacteria|p__Proteobacteria|c__Gammaproteobacteria|o__Enterobacterales|f__Enterobacteriaceae|g__Escherichia|s__Escherichia_sp_KTE114,k__Bacteria|p__Proteobacteria|c__Gammaproteobacteria|o__Enterobacterales|f__Enterobacteriaceae|g__Shigella|s__Shigella_sp_FC2117,k__Bacteria|p__Proteobacteria|c__Gammaproteobacteria|o__Enterobacterales|f__Enterobacteriaceae|g__Escherichia|s__Escherichia_sp_KTE31,k__Bacteria|p__Proteobacteria|c__Gammaproteobacteria|o__Enterobacterales|f__Enterobacteriaceae|g__Shigella|s__Shigella_sp_FC1180,k__Bacteria|p__Proteobacteria|c__Gammaproteobacteria|o__Enterobacterales|f__Enterobacteriaceae|g__Shigella|s__Shigella_sp_FC2928,k__Bacteria|p__Proteobacteria|c__Gammaproteobacteria|o__Enterobacterales|f__Enterobacteriaceae|g__Shigella|s__Shigella_sp_FC1737,k__Bacteria|p__Proteobacteria|c__Gammaproteobacteria|o__Enterobacterales|f__Enterobacteriaceae|g__Escherichia|s__Escherichia_sp_R8,k__Bacteria|p__Proteobacteria|c__Gammaproteobacteria|o__Enterobacterales|f__Enterobacteriaceae|g__Shigella|s__Shigella_sp,k__Bacteria|p__Proteobacteria|c__Gammaproteobacteria|o__Enterobacterales|f__Enterobacteriaceae|g__Shigella|s__Shigella_sp_FC1172,k__Bacteria|p__Proteobacteria|c__Gammaproteobacteria|o__Enterobacterales|f__Enterobacteriaceae|g__Escherichia|s__Escherichia_sp_1_1_43,k__Bacteria|p__Proteobacteria|c__Gammaproteobacteria|o__Enterobacterales|f__Enterobacteriaceae|g__Shigella|s__Shigella_boydii,k__Bacteria|p__Proteobacteria|c__Gammaproteobacteria|o__Enterobacterales|f__Enterobacteriaceae|g__Shigella|s__Shigella_sp_FC569,k__Bacteria|p__Proteobacteria|c__Gammaproteobacteria|o__Enterobacterales|f__Enterobacteriaceae|g__Shigella|s__Shigella_sp_FC2045,k__Bacteria|p__Proteobacteria|c__Gammaproteobacteria|o__Enterobacterales|f__Enterobacteriaceae|g__Shigella|s__Shigella_sp_FC1056,k__Bacteria|p__Proteobacteria|c__Gammaproteobacteria|o__Enterobacterales|f__Enterobacteriaceae|g__Shigella|s__Shigella_sp_FC2383
k__Bacteria|p__Firmicutes|c__Clostridia|o__Clostridiales|f__Ruminococcaceae|g__Flavonifractor|s__Flavonifractor_plautii	2|1239|186801|186802|541000|946234|292800	0.10202439230581957	
k__Bacteria|p__Firmicutes|c__Clostridia|o__Clostridiales|f__Lachnospiraceae|g__Blautia|s__Blautia_obeum	2|1239|186801|186802|186803|572511|40520	0.10107857780526715	
k__Bacteria|p__Firmicutes|c__Clostridia|o__Clostridiales|f__Lachnospiraceae|g__Lachnospira|s__Lachnospira_pectinoschiza	2|1239|186801|186802|186803|28050|28052	0.09166320832991877	
k__Bacteria|p__Firmicutes|c__Clostridia|o__Clostridiales|f__Oscillospiraceae|g__Oscillibacter|s__Oscillibacter_sp_57_20	2|1239|186801|186802|216572|459786|1897011	0.08867367405430336	
k__Bacteria|p__Firmicutes|c__Clostridia|o__Clostridiales|f__Lachnospiraceae|g__Dorea|s__Dorea_formicigenerans	2|1239|186801|186802|186803|189330|39486	0.08662520144255416	
k__Bacteria|p__Firmicutes|c__Negativicutes|o__Acidaminococcales|f__Acidaminococcaceae|g__Phascolarctobacterium|s__Phascolarctobacterium_faecium	2|1239|909932|1843488|909930|33024|33025	0.07807960108077909	k__Bacteria|p__Firmicutes|c__Negativicutes|o__Acidaminococcales|f__Acidaminococcaceae|g__Phascolarctobacterium|s__Phascolarctobacterium_sp_CAG_207
k__Bacteria|p__Proteobacteria|c__Betaproteobacteria|o__Burkholderiales|f__Sutterellaceae|g__Parasutterella|s__Parasutterella_excrementihominis	2|1224|28216|80840|995019|577310|487175	0.07778492520623512	k__Bacteria|p__Proteobacteria|c__Betaproteobacteria|o__Burkholderiales|f__Burkholderiales_unclassified|g__Burkholderiales_unclassified|s__Burkholderiales_bacterium_1_1_47
k__Bacteria|p__Actinobacteria|c__Actinobacteria|o__Bifidobacteriales|f__Bifidobacteriaceae|g__Bifidobacterium|s__Bifidobacterium_adolescentis	2|201174|1760|85004|31953|1678|1680	0.0751375951720256	k__Bacteria|p__Actinobacteria|c__Actinobacteria|o__Bifidobacteriales|f__Bifidobacteriaceae|g__Bifidobacterium|s__Bifidobacterium_sp
k__Bacteria|p__Actinobacteria|c__Coriobacteriia|o__Eggerthellales|f__Eggerthellaceae|g__Eggerthella|s__Eggerthella_lenta	2|201174|84998|1643822|1643826|84111|84112	0.06639712850611662	
k__Bacteria|p__Firmicutes|c__Clostridia|o__Clostridiales|f__Lachnospiraceae|g__Blautia|s__Blautia_wexlerae	2|1239|186801|186802|186803|572511|418240	0.06304162580566434	
k__Bacteria|p__Firmicutes|c__Clostridia|o__Clostridiales|f__Eubacteriaceae|g__Eubacterium|s__Eubacterium_sp_CAG_38	2|1239|186801|186802|186806|1730|1262889	0.055698493125496115	
k__Bacteria|p__Bacteroidetes|c__Bacteroidia|o__Bacteroidales|f__Bacteroidaceae|g__Bacteroides|s__Bacteroides_thetaiotaomicron	2|976|200643|171549|815|816|818	0.05330781627234101	k__Bacteria|p__Bacteroidetes|c__Bacteroidia|o__Bacteroidales|f__Bacteroidaceae|g__Bacteroides|s__Bacteroides_sp_AR20,k__Bacteria|p__Bacteroidetes|c__Bacteroidia|o__Bacteroidales|f__Bacteroidaceae|g__Bacteroides|s__Bacteroides_sp_AM23_12,k__Bacteria|p__Bacteroidetes|c__Bacteroidia|o__Bacteroidales|f__Bacteroidaceae|g__Bacteroides|s__Bacteroides_sp_1_1_14
k__Bacteria|p__Bacteroidetes|c__Bacteroidia|o__Bacteroidales|f__Porphyromonadaceae|g__Porphyromonas|s__Porphyromonas_asaccharolytica	2|976|200643|171549|171551|836|28123	0.05030402348666702	
k__Bacteria|p__Bacteroidetes|c__Bacteroidia|o__Bacteroidales|f__Bacteroidaceae|g__Bacteroides|s__Bacteroides_xylanisolvens	2|976|200643|171549|815|816|371601	0.045917155225310854	k__Bacteria|p__Bacteroidetes|c__Bacteroidia|o__Bacteroidales|f__Bacteroidaceae|g__Bacteroides|s__Bacteroides_sp_2_1_22,k__Bacteria|p__Bacteroidetes|c__Bacteroidia|o__Bacteroidales|f__Bacteroidaceae|g__Bacteroides|s__Bacteroides_sp_D22,k__Bacteria|p__Bacteroidetes|c__Bacteroidia|o__Bacteroidales|f__Bacteroidaceae|g__Bacteroides|s__Bacteroides_sp_3_1_13,k__Bacteria|p__Bacteroidetes|c__Bacteroidia|o__Bacteroidales|f__Bacteroidaceae|g__Bacteroides|s__Bacteroides_sp_1_1_30,k__Bacteria|p__Bacteroidetes|c__Bacteroidia|o__Bacteroidales|f__Bacteroidaceae|g__Bacteroides|s__Bacteroides_sp_D1
k__Bacteria|p__Firmicutes|c__Clostridia|o__Clostridiales|f__Lachnospiraceae|g__Roseburia|s__Roseburia_intestinalis	2|1239|186801|186802|186803|841|166486	0.041492264270465144	
k__Bacteria|p__Firmicutes|c__Clostridia|o__Clostridiales|f__Lachnospiraceae|g__Roseburia|s__Roseburia_inulinivorans	2|1239|186801|186802|186803|841|360807	0.029439070434279624	
k__Bacteria|p__Firmicutes|c__Firmicutes_unclassified|o__Firmicutes_unclassified|f__Firmicutes_unclassified|g__Firmicutes_unclassified|s__Firmicutes_bacterium_CAG_170	2|1239|||||1263006	0.028716639257978283	
k__Bacteria|p__Actinobacteria|c__Coriobacteriia|o__Coriobacteriales|f__Coriobacteriaceae|g__Collinsella|s__Collinsella_stercoris	2|201174|84998|84999|84107|102106|147206	0.028288883956220912	
k__Bacteria|p__Bacteroidetes|c__Bacteroidia|o__Bacteroidales|f__Rikenellaceae|g__Alistipes|s__Alistipes_timonensis	2|976|200643|171549|171550|239759|1465754	0.025693835125559516	
k__Bacteria|p__Firmicutes|c__Erysipelotrichia|o__Erysipelotrichales|f__Erysipelotrichaceae|g__Erysipelatoclostridium|s__Clostridium_innocuum	2|1239|526524|526525|128827|1505663|1522	0.02207217357068043	k__Bacteria|p__Firmicutes|c__Erysipelotrichia|o__Erysipelotrichales|f__Erysipelotrichaceae|g__Erysipelotrichaceae_unclassified|s__Erysipelotrichaceae_bacterium_2_2_44A,k__Bacteria|p__Firmicutes|c__Erysipelotrichia|o__Erysipelotrichales|f__Erysipelotrichaceae|g__Erysipelotrichaceae_unclassified|s__Erysipelotrichaceae_bacterium_21_3,k__Bacteria|p__Firmicutes|c__Erysipelotrichia|o__Erysipelotrichales|f__Erysipelotrichaceae|g__Erysipelotrichaceae_unclassified|s__Erysipelotrichaceae_bacterium_I46,k__Bacteria|p__Firmicutes|c__Erysipelotrichia|o__Erysipelotrichales|f__Erysipelotrichaceae|g__Erysipelotrichaceae_unclassified|s__Erysipelotrichaceae_bacterium_CAG_64,k__Bacteria|p__Firmicutes|c__Erysipelotrichia|o__Erysipelotrichales|f__Erysipelotrichaceae|g__Erysipelotrichaceae_unclassified|s__Erysipelotrichaceae_bacterium_6_1_45
k__Bacteria|p__Bacteroidetes|c__Bacteroidia|o__Bacteroidales|f__Porphyromonadaceae|g__Porphyromonas|s__Porphyromonas_uenonis	2|976|200643|171549|171551|836|281920	0.019082639295065013	
k__Bacteria|p__Bacteroidetes|c__Bacteroidia|o__Bacteroidales|f__Prevotellaceae|g__Prevotella|s__Prevotella_timonensis	2|976|200643|171549|171552|838|386414	0.014401095159164878	
k__Bacteria|p__Firmicutes|c__Clostridia|o__Clostridiales|f__Lachnospiraceae|g__Roseburia|s__Roseburia_sp_CAG_182	2|1239|186801|186802|186803|841|1262942	0.011383043863432305	
k__Bacteria|p__Firmicutes|c__Clostridia|o__Clostridiales|f__Oscillospiraceae|g__Oscillibacter|s__Oscillibacter_sp_CAG_241	2|1239|186801|186802|216572|459786|1262911	0.010922018704871582	
k__Bacteria|p__Bacteroidetes|c__Bacteroidia|o__Bacteroidales|f__Bacteroidaceae|g__Bacteroides|s__Bacteroides_ovatus	2|976|200643|171549|815|816|28116	0.010152059161708311	k__Bacteria|p__Bacteroidetes|c__Bacteroidia|o__Bacteroidales|f__Bacteroidaceae|g__Bacteroides|s__Bacteroides_sp_HMSC073E02,k__Bacteria|p__Bacteroidetes|c__Bacteroidia|o__Bacteroidales|f__Bacteroidaceae|g__Bacteroides|s__Bacteroides_sp_OM05_10AA,k__Bacteria|p__Bacteroidetes|c__Bacteroidia|o__Bacteroidales|f__Bacteroidaceae|g__Bacteroides|s__Bacteroides_sp_2_2_4,k__Bacteria|p__Bacteroidetes|c__Bacteroidia|o__Bacteroidales|f__Bacteroidaceae|g__Bacteroides|s__Bacteroides_sp_3_1_23,k__Bacteria|p__Bacteroidetes|c__Bacteroidia|o__Bacteroidales|f__Bacteroidaceae|g__Bacteroides|s__Bacteroides_sp_AF32_8BH
k__Bacteria|p__Firmicutes|c__Bacilli|o__Lactobacillales|f__Streptococcaceae|g__Streptococcus|s__Streptococcus_sobrinus	2|1239|91061|186826|1300|1301|1310	0.009244267354645442	
k__Bacteria|p__Firmicutes|c__Clostridia|o__Clostridiales|f__Lachnospiraceae|g__Eisenbergiella|s__Eisenbergiella_tayi	2|1239|186801|186802|186803|1432051|1432052	0.007595033024536462	
k__Bacteria|p__Proteobacteria|c__Deltaproteobacteria|o__Desulfovibrionales|f__Desulfovibrionaceae|g__Bilophila|s__Bilophila_wadsworthia	2|1224|28221|213115|194924|35832|35833	0.0075807745144778815	k__Bacteria|p__Proteobacteria|c__Deltaproteobacteria|o__Desulfovibrionales|f__Desulfovibrionaceae|g__Bilophila|s__Bilophila_sp_4_1_30
k__Bacteria|p__Firmicutes|c__Clostridia|o__Clostridiales|f__Ruminococcaceae|g__Anaeromassilibacillus|s__Anaeromassilibacillus_sp_An250	2|1239|186801|186802|541000|1924093|1965604	0.006535150443515415	
k__Bacteria|p__Actinobacteria|c__Coriobacteriia|o__Coriobacteriales|f__Coriobacteriaceae|g__Collinsella|s__Collinsella_intestinalis	2|201174|84998|84999|84107|102106|147207	0.006530397606829223	
k__Bacteria|p__Firmicutes|c__Clostridia|o__Clostridiales|f__Lachnospiraceae|g__Tyzzerella|s__Tyzzerella_nexilis	2|1239|186801|186802|186803|1506577|29361	0.006240474568971447	
k__Bacteria|p__Bacteroidetes|c__Bacteroidia|o__Bacteroidales|f__Bacteroidaceae|g__Bacteroides|s__Bacteroides_intestinalis	2|976|200643|171549|815|816|329854	0.005826977777272654	
k__Bacteria|p__Actinobacteria|c__Coriobacteriia|o__Eggerthellales|f__Eggerthellaceae|g__Enterorhabdus|s__Enterorhabdus_caecimuris	2|201174|84998|1643822|1643826|580024|671266	0.005090288090912735	
k__Bacteria|p__Bacteroidetes|c__Bacteroidia|o__Bacteroidales|f__Bacteroidales_unclassified|g__Bacteroidales_unclassified|s__Bacteroidales_bacterium_KA00251	2|976|200643|171549|||1497953	0.004258541670828954	
k__Bacteria|p__Actinobacteria|c__Coriobacteriia|o__Coriobacteriales|f__Coriobacteriaceae|g__Enorma|s__Collinsella_massiliensis	2|201174|84998|84999|84107|1472762|1232426	0.003536110494527614	
k__Bacteria|p__Firmicutes|c__Clostridia|o__Clostridiales|f__Lachnospiraceae|g__Coprococcus|s__Coprococcus_eutactus	2|1239|186801|186802|186803|33042|33043	0.003374514047197051	
k__Bacteria|p__Bacteroidetes|c__Bacteroidia|o__Bacteroidales|f__Porphyromonadaceae|g__Porphyromonas|s__Porphyromonas_sp_HMSC065F10	2|976|200643|171549|171551|836|1739394	0.0024762279135065682	
k__Bacteria|p__Firmicutes|c__Clostridia|o__Clostridiales|f__Clostridiales_unclassified|g__Monoglobus|s__Monoglobus_pectinilyticus	2|1239|186801|186802||2039302|1981510	0.0022718559360002683	
k__Bacteria|p__Bacteroidetes|c__Bacteroidia|o__Bacteroidales|f__Rikenellaceae|g__Alistipes|s__Alistipes_indistinctus	2|976|200643|171549|171550|239759|626932	0.0007557010331046917	
k__Bacteria|p__Actinobacteria|c__Actinobacteria|o__Corynebacteriales|f__Corynebacteriales_unclassified|g__Lawsonella|s__Lawsonella_clevelandensis	2|201174|1760|85007||1847725|1528099	0.0006463857893222521	
